{
	"folders": {},
	"connections": {
		"oracle_thin-170cd4369d2-434619a77538ff6": {
			"provider": "oracle",
			"driver": "oracle_thin",
			"name": "Oracle - XE",
			"save-password": true,
			"read-only": false,
			"configuration": {
				"host": "localhost",
				"port": "1521",
				"database": "XE",
				"url": "jdbc:oracle:thin:@//localhost:1521/XE",
				"home": "C:\\oraclexe\\app\\oracle\\product\\11.2.0\\server",
				"type": "dev",
				"provider-properties": {
					"@dbeaver-always-use-dba-views@": "false",
					"@dbeaver-sid-service@": "SERVICE",
					"@dbeaver-meta-use-simple-constraints@": "false",
					"@dbeaver-use-rule-hint@": "false",
					"@dbeaver-use-meta-optimizer@": "false",
					"@dbeaver-connection-type@": "BASIC",
					"@dbeaver-check-schema-content@": "false",
					"@dbeaver-meta-use-sys-schema@": "false",
					"@dbeaver-always-show-dba@": "false"
				}
			}
		},
		"oracle_thin-170cd459a6d-489632970f766a26": {
			"provider": "oracle",
			"driver": "oracle_thin",
			"name": "Oracle - xe",
			"save-password": true,
			"read-only": false,
			"configuration": {
				"host": "localhost",
				"port": "1521",
				"database": "xe",
				"url": "jdbc:oracle:thin:@//localhost:1521/xe",
				"home": "C:\\oraclexe\\app\\oracle\\product\\11.2.0\\server",
				"type": "dev",
				"provider-properties": {
					"@dbeaver-always-use-dba-views@": "false",
					"@dbeaver-sid-service@": "SERVICE",
					"@dbeaver-meta-use-simple-constraints@": "false",
					"@dbeaver-use-rule-hint@": "false",
					"@dbeaver-use-meta-optimizer@": "false",
					"@dbeaver-connection-type@": "BASIC",
					"@dbeaver-check-schema-content@": "false",
					"@dbeaver-meta-use-sys-schema@": "false",
					"@dbeaver-always-show-dba@": "false"
				}
			}
		},
		"oracle_thin-170cd46385d-59ad08544f7b83f4": {
			"provider": "oracle",
			"driver": "oracle_thin",
			"name": "Oracle - xe 2",
			"save-password": true,
			"read-only": false,
			"configuration": {
				"host": "localhost",
				"port": "1521",
				"database": "xe",
				"url": "jdbc:oracle:thin:@//localhost:1521/xe",
				"home": "C:\\oraclexe\\app\\oracle\\product\\11.2.0\\server",
				"type": "dev",
				"provider-properties": {
					"@dbeaver-always-use-dba-views@": "false",
					"@dbeaver-sid-service@": "SERVICE",
					"@dbeaver-meta-use-simple-constraints@": "false",
					"@dbeaver-use-rule-hint@": "false",
					"@dbeaver-use-meta-optimizer@": "false",
					"@dbeaver-connection-type@": "BASIC",
					"@dbeaver-check-schema-content@": "false",
					"@dbeaver-meta-use-sys-schema@": "false",
					"@dbeaver-always-show-dba@": "false"
				}
			}
		},
		"oracle_thin-170e12138b0-2eb55cfe66338ebb": {
			"provider": "oracle",
			"driver": "oracle_thin",
			"name": "Oracle - XE 2",
			"save-password": true,
			"read-only": false,
			"configuration": {
				"host": "localhost",
				"port": "1521",
				"database": "XE",
				"url": "jdbc:oracle:thin:@//localhost:1521/XE",
				"home": "C:\\oraclexe\\app\\oracle\\product\\11.2.0\\server",
				"type": "dev",
				"provider-properties": {
					"@dbeaver-always-use-dba-views@": "false",
					"@dbeaver-sid-service@": "SERVICE",
					"@dbeaver-meta-use-simple-constraints@": "false",
					"@dbeaver-use-rule-hint@": "false",
					"@dbeaver-use-meta-optimizer@": "false",
					"@dbeaver-connection-type@": "BASIC",
					"@dbeaver-check-schema-content@": "false",
					"@dbeaver-meta-use-sys-schema@": "false",
					"@dbeaver-always-show-dba@": "false"
				}
			}
		},
		"oracle_thin-170e1220181-627bd4a3a88ab359": {
			"provider": "oracle",
			"driver": "oracle_thin",
			"name": "Oracle - XE 3",
			"save-password": true,
			"read-only": false,
			"configuration": {
				"host": "localhost",
				"port": "1521",
				"database": "XE",
				"url": "jdbc:oracle:thin:@//localhost:1521/XE",
				"home": "C:\\oraclexe\\app\\oracle\\product\\11.2.0\\server",
				"type": "dev",
				"provider-properties": {
					"@dbeaver-always-use-dba-views@": "false",
					"@dbeaver-sid-service@": "SERVICE",
					"@dbeaver-meta-use-simple-constraints@": "false",
					"@dbeaver-use-rule-hint@": "false",
					"@dbeaver-use-meta-optimizer@": "false",
					"@dbeaver-connection-type@": "BASIC",
					"@dbeaver-check-schema-content@": "false",
					"@dbeaver-meta-use-sys-schema@": "false",
					"@dbeaver-always-show-dba@": "false"
				}
			}
		},
		"oracle_thin-1710f5fe700-c677f34cad9273a": {
			"provider": "oracle",
			"driver": "oracle_thin",
			"name": "Oracle - XE 4",
			"save-password": true,
			"read-only": false,
			"configuration": {
				"host": "localhost",
				"port": "1521",
				"database": "XE",
				"url": "jdbc:oracle:thin:@//localhost:1521/XE",
				"home": "C:\\oraclexe\\app\\oracle\\product\\11.2.0\\server",
				"type": "dev",
				"provider-properties": {
					"@dbeaver-always-use-dba-views@": "false",
					"@dbeaver-sid-service@": "SERVICE",
					"@dbeaver-meta-use-simple-constraints@": "false",
					"@dbeaver-use-rule-hint@": "false",
					"@dbeaver-use-meta-optimizer@": "false",
					"@dbeaver-connection-type@": "BASIC",
					"@dbeaver-check-schema-content@": "false",
					"@dbeaver-meta-use-sys-schema@": "false",
					"@dbeaver-always-show-dba@": "false"
				},
				"handlers": {}
			}
		}
	},
	"connection-types": {
		"dev": {
			"name": "Development",
			"color": "255,255,255",
			"description": "Regular development database",
			"auto-commit": true,
			"confirm-execute": false,
			"confirm-data-change": false
		}
	}
}